Layers,layer1,layer2,layer3
speciesID,1,2,3
age,10,10,10
H,1.5,1.5,1.5
D,0.5,0.5,0.5
BA,0.01943861,0.01943861,0.00431969
Hc,0,0,0
Ac,NA,NA,NA
